Date, Close/Last, Volume, Open, High, Low
12/11/2020, $161.24, 6179815, $158.03, $163.4, $157.68
12/10/2020, $158.32, 5265865, $154.12, $158.8, $151.73
12/09/2020, $151.59, 6953750, $148, $156.5631, $147.01
12/08/2020, $144.99, 3886697, $146.61, $147.07, $143.5
12/07/2020, $144.3, 2302886, $143.73, $145.2, $142.54
12/04/2020, $144.07, 2450206, $144.3, $146.2, $143.8
12/03/2020, $144.24, 3059195, $143.7, $145.0956, $142.06
12/02/2020, $143.7, 3504576, $139, $143.84, $139
12/01/2020, $140.26, 3172605, $139.06, $142.2, $137.565
11/30/2020, $138.99, 5715365, $137.27, $139.4, $135.01
11/27/2020, $139.42, 3292922, $136.75, $139.99, $135.0922
11/25/2020, $136, 3101784, $133.0724, $136.2, $132.2554
11/24/2020, $134.36, 4700002, $134.7, $135.3785, $132.44
11/23/2020, $133.04, 5679011, $136.21, $136.74, $132.5
11/20/2020, $136.11, 5842449, $137.1, $137.97, $136
11/19/2020, $136.48, 5913811, $138.67, $139, $135.255
11/18/2020, $142.07, 5826338, $143.48, $147.29, $141.95
11/17/2020, $143.92, 5062543, $145, $145.48, $141.02
11/16/2020, $147.84, 4901018, $146.71, $151.18, $146.22
11/13/2020, $145.08, 2442234, $144.51, $145.2, $142.5
11/12/2020, $142.47, 2790714, $144.27, $145.99, $142
11/11/2020, $143.06, 2671099, $142.34, $143.44, $140.68
11/10/2020, $143.25, 3692208, $141.2, $145.44, $141.2
11/09/2020, $144.19, 3229955, $148.38, $148.38, $143.06
11/06/2020, $144, 2501089, $143.87, $145.36, $141.79
11/05/2020, $143.94, 4303064, $144.97, $145.05, $141.9
11/04/2020, $140.31, 4865621, $137.84, $143.77, $135.79
11/03/2020, $134.11, 2612822, $134.66, $134.96, $131
11/02/2020, $134.05, 2705127, $134.31, $137.87, $132.89
10/30/2020, $133.05, 5496550, $131, $133.31, $130.47
10/29/2020, $131.96, 5312774, $130.94, $132.93, $130.06
10/28/2020, $130.7, 5820965, $132.07, $132.43, $128.02
10/27/2020, $134.89, 3598473, $132, $135.31, $131.75
10/26/2020, $132.95, 3637832, $132.85, $134.9, $131.13
10/23/2020, $133.93, 1782296, $133, $134.145, $130.3
10/22/2020, $132.86, 2299281, $134.51, $135.13, $130.48
10/21/2020, $134.84, 3687004, $132.63, $136.17, $132.01
10/20/2020, $130.08, 2177576, $130.01, $131.79, $128.49
10/19/2020, $129.25, 2232764, $131.5, $133.46, $128.7001
10/16/2020, $130.37, 2525393, $131.9, $132.91, $130.23
10/15/2020, $130.04, 6418875, $133.2, $134.7, $129.68
10/14/2020, $136.07, 11029940, $127.8, $138.98, $127.35
10/13/2020, $127.05, 2341989, $127.83, $128.015, $126.38
10/12/2020, $127.72, 3463435, $129.03, $129.1, $127.13
10/09/2020, $126.49, 1353767, $126.79, $127.64, $126.11
10/08/2020, $126.75, 1341541, $128.7, $128.7, $126.3901
10/07/2020, $126.35, 1715452, $125.8, $126.99, $125.32
10/06/2020, $124.83, 1610900, $124.98, $127.075, $124.18
10/05/2020, $124.7, 1931787, $124.83, $126.12, $124.1
10/02/2020, $124.62, 2035047, $124.66, $126.09, $123.5
10/01/2020, $126.45, 1842906, $126.53, $127.285, $125.52
09/30/2020, $126.59, 3863075, $123.835, $129, $123.07
09/29/2020, $122.58, 3909998, $125.04, $125.8, $122.47
09/28/2020, $126.04, 3998956, $124.49, $126.12, $124.23
09/25/2020, $123.79, 3209000, $122.24, $123.95, $121
09/24/2020, $123.76, 2644331, $121.28, $123.88, $120.79
09/23/2020, $122.92, 2464052, $123.42, $126.39, $122.61
09/22/2020, $124.03, 1888007, $125.24, $125.24, $122.72
09/21/2020, $124.55, 2661011, $121.36, $124.66, $120.24
09/18/2020, $124.66, 3237714, $124.595, $125.1, $122.51
09/17/2020, $124.67, 2437489, $123, $124.84, $122.62
09/16/2020, $126.03, 2461606, $125.17, $127.25, $124.475
09/15/2020, $124.49, 2405224, $123.89, $124.58, $122.37
09/14/2020, $121.88, 1231543, $121.35, $122.89, $120.87
09/11/2020, $120.62, 2322186, $119.97, $122.14, $118.86
09/10/2020, $119.16, 3459372, $119.7, $119.78, $117.77
09/09/2020, $119.4, 1960806, $120.14, $120.52, $118.38
09/08/2020, $119.31, 3534997, $117.59, $120.2532, $116.41
09/04/2020, $122.87, 3144594, $120.91, $123.08, $119.77
09/03/2020, $121.42, 3780128, $123.47, $124.21, $119.63
09/02/2020, $124.26, 2715981, $127.55, $129.03, $123.58
09/01/2020, $126.93, 1812680, $125.37, $127.09, $124.93
08/31/2020, $124.57, 4094784, $125.81, $127.67, $124.49
08/28/2020, $129, 1862853, $127.12, $129.03, $126.58
08/27/2020, $127.25, 2672291, $127.47, $128.39, $125.67
08/26/2020, $127.47, 5613178, $125.95, $128, $123.66
08/25/2020, $125.7, 4303009, $122.68, $126.05, $121.935
08/24/2020, $122.88, 2384609, $123.87, $124.73, $122.45
08/21/2020, $122.45, 2728445, $121.54, $123.65, $121.1
08/20/2020, $123.48, 2383196, $121.79, $123.56, $121.25
08/19/2020, $122.71, 2688857, $124.13, $124.13, $121.14
08/18/2020, $124.2, 3672737, $123.83, $126.59, $123.7
08/17/2020, $123.92, 6475213, $117.99, $124.6761, $117.67
08/14/2020, $116.74, 11662450, $118.4, $118.57, $115.59
08/13/2020, $124.57, 5130269, $126.67, $126.83, $124.04
08/12/2020, $126.11, 2392613, $126.23, $128.25, $125.83
08/11/2020, $124.6, 2196147, $125.23, $127.79, $124.37
08/10/2020, $125.06, 3606528, $124.55, $127.655, $123.97
08/07/2020, $125, 3163340, $122.5, $125.09, $121.0778
08/06/2020, $125.58, 1718278, $125.34, $126.02, $123.27
08/05/2020, $125.85, 1763920, $127, $127.38, $124.92
08/04/2020, $126.67, 3846895, $120.14, $127.06, $120.14
08/03/2020, $120.55, 1946640, $120.29, $121.29, $119.05
07/31/2020, $119.4, 2753813, $118.86, $120.19, $116.7
07/30/2020, $118, 3136998, $118.17, $119.17, $117.3
07/29/2020, $119.82, 3759123, $116.46, $120.45, $116.44
07/28/2020, $115.69, 3345362, $115.75, $116.49, $114.75
07/27/2020, $115.86, 2915650, $117.74, $118, $114.86
07/24/2020, $119.02, 2687752, $117.5, $119.06, $116.39
07/23/2020, $121.1, 2740914, $122.21, $122.67, $119.42
07/22/2020, $122.75, 2923120, $123.58, $123.79, $120.97
07/21/2020, $125.22, 3825748, $125.989, $126.2736, $123.7314
07/20/2020, $124.35, 2775465, $122.77, $124.87, $122.655
07/17/2020, $122.77, 1883477, $125, $125, $121.8775
07/16/2020, $123.43, 2432515, $121.33, $123.595, $120.94
07/15/2020, $125.05, 2137333, $126.96, $127, $124.05
07/14/2020, $125.49, 3901938, $125, $126.15, $122.5
07/13/2020, $127.84, 4685426, $133.702, $133.86, $127.68
07/10/2020, $132.33, 2065898, $130.75, $132.53, $130.27
07/09/2020, $132.53, 4189257, $134.01, $135.44, $130.23
07/08/2020, $130.64, 2931290, $131.01, $131.01, $128.06
07/07/2020, $127.83, 2804627, $130, $132, $127.82
07/06/2020, $132.93, 5763594, $129.01, $133.14, $128.05
07/02/2020, $123.3, 3011914, $123.22, $124.82, $122.37
07/01/2020, $120.63, 2116744, $119.89, $121.14, $119.15
06/30/2020, $119.89, 2263086, $120.35, $121.98, $119.12
06/29/2020, $121.29, 2045713, $121.01, $122.35, $118.52
06/26/2020, $121.8, 2598209, $123.25, $124.97, $120.93
06/25/2020, $123.73, 2194296, $120.39, $123.76, $120.39
06/24/2020, $121.37, 3335822, $122.05, $122.925, $119.4
06/23/2020, $123.33, 2504312, $123.81, $124, $122.5
06/22/2020, $123.08, 2816419, $122.37, $123.24, $120.12
06/19/2020, $123.08, 3805335, $124.94, $125.64, $122.31
06/18/2020, $123.46, 2409555, $122.03, $123.96, $120.79
06/17/2020, $122.03, 3758434, $123, $123.71, $121.11
06/16/2020, $122.78, 9967130, $127.25, $128.28, $122.2
06/15/2020, $116.82, 3150204, $113.39, $117.17, $113.06
06/12/2020, $116.27, 4428563, $114.5, $116.85, $114.15
06/11/2020, $111.83, 4004788, $112.63, $114.08, $111
06/10/2020, $116.81, 3179190, $118, $118.625, $115.92
06/09/2020, $115.83, 2684219, $115.39, $116.76, $114.35
06/08/2020, $117.03, 4545183, $116, $118.38, $115.63
06/05/2020, $114.4, 4270166, $111.86, $115.2, $111.49
06/04/2020, $109.06, 3945721, $112.1, $113.63, $108.52
06/03/2020, $112.45, 3997728, $108.62, $112.72, $108.2
06/02/2020, $107.23, 4434485, $107.77, $108.72, $106.92
06/01/2020, $107.1, 3925701, $106.02, $108.48, $105.31
05/29/2020, $106.55, 6857334, $105.82, $106.69, $102.6
05/28/2020, $106.32, 3650793, $106.46, $107.67, $104.85
05/27/2020, $108.22, 4086528, $107.8, $108.88, $106.01
05/26/2020, $108.36, 6268754, $106, $109.225, $105.3301
05/22/2020, $103.32, 8231867, $106.26, $107.81, $102.74
05/21/2020, $110.03, 9977127, $107.115, $111.53, $106.72
05/20/2020, $108.52, 15446250, $110.7, $114.2, $105.7
05/19/2020, $109.75, 19633520, $117.8, $120.85, $109.16
05/18/2020, $107.59, 10198360, $101.83, $108.17, $101.51
05/15/2020, $99.86, 3355009, $95.18, $100.06, $94.8961
05/14/2020, $96.02, 3704895, $93.19, $96.17, $90.94
05/13/2020, $95.49, 4356913, $98.21, $98.98, $94.15
05/12/2020, $97.47, 3438788, $100, $100, $97.46
05/11/2020, $99.55, 2763573, $99.76, $100.17, $98.72
05/08/2020, $99.77, 3222823, $99.787, $100.67, $98.15
05/07/2020, $98.18, 2332488, $98.1, $98.4542, $97.45
05/06/2020, $97.08, 2900335, $96.61, $98.04, $95.29
05/05/2020, $95.77, 2826097, $96.41, $97.6, $95.465
05/04/2020, $94.76, 3387769, $95.43, $96.02, $93.535
05/01/2020, $96.02, 4622502, $98.2, $98.2, $94.3144
04/30/2020, $100.93, 5795935, $99.74, $102.98, $98.66
04/29/2020, $99.67, 5486351, $98.47, $99.88, $97.01
04/28/2020, $97.13, 4534525, $101, $101, $96.81
04/27/2020, $100.56, 3148738, $101.2, $101.55, $99.7201
04/24/2020, $100.95, 2585445, $101.1, $101.92, $99.8939
04/23/2020, $99.85, 3407365, $101.2, $102.38, $99.21
04/22/2020, $101.75, 3428322, $101.99, $104.36, $101.2
04/21/2020, $101.41, 3843927, $102.1, $102.42, $98.83
04/20/2020, $104.68, 3484314, $103.6, $107.67, $103.42
04/17/2020, $105, 3827180, $104.21, $105.19, $103.1501
04/16/2020, $102.82, 4406379, $101.6, $103.03, $99.67
04/15/2020, $100.87, 2771569, $98.64, $100.92, $97.37
04/14/2020, $100.92, 3564536, $99.58, $103.11, $99.56
04/13/2020, $98.37, 3171784, $98.71, $99.93, $97.98
04/09/2020, $99, 5422296, $97.57, $100.37, $96.4
04/08/2020, $97.33, 10164510, $98, $98.59, $94.9
04/07/2020, $101.79, 6968627, $105, $107.39, $101.05
04/06/2020, $102.94, 3590783, $100.88, $103.2, $100.27
04/03/2020, $97.2, 2239698, $98.92, $100.2333, $96.1
04/02/2020, $99.59, 2441992, $97.77, $100.88, $97
04/01/2020, $97.68, 3804996, $98.68, $101.52, $97.33
03/31/2020, $100.79, 4091788, $98.54, $105.25, $98.54
03/30/2020, $98.95, 3828111, $98.52, $99.5, $96.15
03/27/2020, $97.63, 4112997, $98.5, $99.12, $96.33
03/26/2020, $101.82, 5110365, $98.61, $102.46, $97.32
03/25/2020, $96.92, 6230985, $97, $102.05, $95.08
03/24/2020, $96.43, 5640103, $95.18, $98.92, $95.05
03/23/2020, $91.22, 4709294, $89.03, $92.15, $86.23
03/20/2020, $88.66, 5689891, $91.25, $93.16, $87.72
03/19/2020, $89.62, 6258630, $83.34, $91.66, $83.21
03/18/2020, $83.62, 9479845, $84.6, $92.885, $82
03/17/2020, $91.13, 6342999, $89.72, $92.28, $85.05
03/16/2020, $89.68, 6482054, $90.92, $96.7346, $89.68
03/13/2020, $100.29, 6827495, $104.71, $105.61, $94.66
03/12/2020, $99, 9414493, $100.05, $102.48, $97.42
03/11/2020, $108.25, 3855442, $109.6, $110.7, $107.56
03/10/2020, $111.91, 5051232, $110.86, $111.92, $106.86
03/09/2020, $106.65, 7367792, $106.94, $110.06, $105.05
03/06/2020, $113.74, 4852986, $114.99, $116.91, $112.22
03/05/2020, $118.24, 3046864, $118.37, $120.32, $117.595
03/04/2020, $121.41, 4214142, $119.29, $121.7893, $119.13
03/03/2020, $117.97, 5499435, $121.4, $122.62, $115.68
03/02/2020, $120.77, 6238790, $122.8, $122.97, $117.83
02/28/2020, $119.98, 9801574, $115, $120.5, $114.81
02/27/2020, $119.91, 6693442, $122.01, $124.16, $119.35
02/26/2020, $123.54, 5134043, $124.02, $127.38, $121.63
02/25/2020, $124.43, 5139295, $128.36, $128.44, $123.6
02/24/2020, $125.83, 4581516, $122.7, $127.35, $122.14
02/21/2020, $129.8, 3097596, $131.35, $131.55, $128.08
02/20/2020, $132.46, 3662387, $135, $136.32, $131.21
02/19/2020, $135.81, 2118438, $134.24, $135.88, $132.8
02/18/2020, $134.18, 2817868, $134.02, $134.785, $132.49
02/14/2020, $134.57, 1697395, $135.9, $135.9, $134.05
02/13/2020, $135.18, 3150270, $135.02, $136.3, $133.23
02/12/2020, $137.49, 3636580, $136.73, $138.5, $134.66
02/11/2020, $133.99, 3546057, $133.51, $136.82, $132.72
02/10/2020, $131.05, 3326694, $129.26, $131.69, $129.2
02/07/2020, $130.91, 2766136, $131.02, $131.84, $129.7
02/06/2020, $133.16, 3208189, $132.25, $133.74, $130.34
02/05/2020, $130.75, 3523235, $134.52, $134.58, $129.46
02/04/2020, $131.37, 3873181, $134.7, $134.95, $131.11
02/03/2020, $130.49, 7711243, $127.15, $133.78, $126.9
01/31/2020, $123.56, 4880940, $123.2, $123.88, $122
01/30/2020, $125.74, 2952050, $123.3, $126.11, $122.32
01/29/2020, $126.47, 2432514, $127.97, $128.18, $126.075
01/28/2020, $126.93, 2778502, $128.05, $128.3, $125.82
01/27/2020, $126.28, 5428566, $122, $127.39, $121
01/24/2020, $130, 4309815, $134.25, $134.4, $128.31
01/23/2020, $134.2, 4153937, $132.22, $134.38, $131.17
01/22/2020, $134.8, 4443965, $138.55, $138.87, $134.7214
01/21/2020, $137.1, 4090571, $136.49, $139, $134.4
01/17/2020, $139.61, 4232607, $140.61, $140.99, $138.35
01/16/2020, $139.49, 4069928, $142.61, $142.62, $138.8
01/15/2020, $139.4, 3710423, $139.57, $141.17, $138.39
01/14/2020, $140.04, 4879955, $140.68, $142.2, $138.01
01/13/2020, $142.26, 6566583, $147, $147.38, $141.75
01/10/2020, $144.51, 6741172, $142.62, $144.76, $140.86
01/09/2020, $140.86, 6284222, $141, $142.48, $140.02
01/08/2020, $137.83, 3820801, $136.74, $139.17, $135.7
01/07/2020, $136.7, 4559872, $138.19, $139.47, $135.4001
01/06/2020, $135.94, 3932431, $132.78, $136.7375, $132.51
01/03/2020, $133.8, 5188450, $134.58, $137.16, $133.78
01/02/2020, $138.22, 7992913, $129.49, $138.64, $129.44
12/31/2019, $126.4, 1866892, $125.53, $126.9, $124.67
12/30/2019, $126.29, 2216885, $125.93, $127.89, $125.31
12/27/2019, $126.45, 2168306, $128, $128, $125.93
12/26/2019, $127.58, 1628866, $128.64, $128.95, $127.2
12/24/2019, $128.49, 889435, $129.01, $129.37, $127.81
12/23/2019, $128.83, 2440775, $127.85, $129.38, $127.6
12/20/2019, $127.49, 5102099, $128, $129.16, $126.44
12/19/2019, $128.07, 4905947, $127, $128.22, $124.7
12/18/2019, $126.69, 4512501, $124.18, $126.89, $123.88
12/17/2019, $123.84, 2971972, $123.9, $124.75, $123.28
12/16/2019, $123.19, 3980593, $120.4, $123.79, $119.66
12/13/2019, $119.14, 4256324, $122.05, $122.73, $118.59
12/12/2019, $120.54, 4286303, $117.45, $121.44, $117.01
12/11/2019, $116.37, 1733902, $115, $116.96, $114.74
12/10/2019, $114.78, 1999652, $115.67, $116.23, $114.66
12/09/2019, $115.06, 1690910, $114.85, $116.66, $114.81
12/06/2019, $115.85, 2850911, $117.07, $117.89, $115.1004
12/05/2019, $116.75, 3202028, $115.5, $117.34, $114.875
12/04/2019, $114.21, 1828415, $115.68, $115.9068, $113.91
12/03/2019, $114.8, 3493249, $115.2, $116.02, $113.3
12/02/2019, $117.44, 2203313, $118.39, $119.765, $116.4
11/29/2019, $118.53, 1917004, $118.3, $118.69, $117.6
11/27/2019, $119.51, 2341070, $119.18, $119.84, $118.44
11/26/2019, $118.6, 3813176, $120.01, $120.44, $118.1
11/25/2019, $120.32, 3191485, $119.347, $121.3, $118.68
11/22/2019, $117.99, 3010576, $116.12, $118.66, $115.62
11/21/2019, $115.65, 2799103, $114.2, $116.28, $113.94
11/20/2019, $114.8, 3128178, $114.5, $116.9099, $113.4
11/19/2019, $115.69, 2582276, $117.92, $117.9499, $115.26
11/18/2019, $116.52, 2483158, $117.31, $117.59, $115.7
11/15/2019, $117.05, 3834596, $118.74, $119.76, $116.76
11/14/2019, $118.2, 4783369, $118, $118.48, $116.33
11/13/2019, $118.29, 3786192, $119.61, $120.5997, $117.2
11/12/2019, $121.8, 3553145, $120.17, $123.48, $120.17
11/11/2019, $120.87, 4098342, $122.69, $122.69, $120.26
11/08/2019, $124.56, 10232970, $123.215, $127.26, $122
11/07/2019, $121.87, 16215050, $115.425, $122.2, $115.25
11/06/2019, $107.36, 4259416, $108.81, $109.09, $106.62
11/05/2019, $108.05, 6204910, $110.9, $111, $106.86
11/04/2019, $109.62, 7579808, $106.98, $111, $106.51
11/01/2019, $104.64, 5302865, $103.05, $104.64, $102.5
10/31/2019, $101.85, 3551300, $102.13, $102.95, $100.82
10/30/2019, $102.93, 2444960, $102.85, $103.09, $101.27
10/29/2019, $102.9, 3586212, $104.47, $104.55, $102.63
10/28/2019, $104.86, 3456286, $104.31, $105.98, $103.53
10/25/2019, $103.87, 2703407, $103.18, $104.9, $102.8
10/24/2019, $103.69, 2716964, $104.09, $104.12, $102.94
10/23/2019, $104.15, 1414722, $102.66, $104.4, $102.51
10/22/2019, $103.63, 1687654, $104, $104.57, $102.75
10/21/2019, $104.36, 1978339, $104.57, $106.1, $103.4101
10/18/2019, $103.74, 2736480, $107.48, $108.09, $103.53
10/17/2019, $107.65, 2070439, $108.86, $109.23, $106.62
10/16/2019, $108.28, 3156439, $107.18, $109.3293, $107.04
10/15/2019, $107.2, 2449233, $105.54, $108.05, $105.43
10/14/2019, $105.46, 2345001, $104.51, $105.8, $104.32
10/11/2019, $104.66, 3881822, $105.97, $107.3, $104.11
10/10/2019, $103.85, 3558435, $100.79, $104.74, $100.26
10/09/2019, $99.9, 3406445, $100.29, $100.63, $98.55
10/08/2019, $99.53, 4433734, $99.5, $100.56, $98.2
10/07/2019, $101.47, 3396379, $103.79, $103.99, $101.17
10/04/2019, $104.47, 1687814, $103.83, $105.1, $103.29
10/03/2019, $104.32, 2237302, $102.35, $104.73, $101.15
10/02/2019, $102.62, 2691286, $100.85, $103.24, $99.5
10/01/2019, $102, 1782652, $102.8, $103.26, $101
09/30/2019, $102.76, 2152882, $102.25, $103.45, $101.44
09/27/2019, $101.21, 5688590, $105.49, $106.3, $100.3
09/26/2019, $105.07, 5737398, $105.9, $107.9, $103.51
09/25/2019, $102.8, 4073393, $97.94, $103.03, $97.42
09/24/2019, $97.61, 7026307, $102.6, $102.83, $97.25
09/23/2019, $102.37, 3508714, $104.49, $104.94, $102.3
09/20/2019, $105.16, 3555274, $108.1, $108.46, $104.67
09/19/2019, $107.77, 1948248, $108.56, $109.26, $107.62
09/18/2019, $108.4, 2922695, $108.99, $109.85, $107.43
09/17/2019, $109.04, 2803580, $110.02, $110.3233, $108.07
09/16/2019, $110.98, 2202721, $109.95, $111.64, $109.41
09/13/2019, $110.54, 2983455, $111.97, $112, $109.88
09/12/2019, $111.5, 4075184, $112.95, $113.07, $110.52
09/11/2019, $111.79, 4898055, $111.78, $113.26, $109.38
09/10/2019, $110.4, 5925570, $105.2, $110.58, $105.06
09/09/2019, $105.06, 3498827, $102.72, $105.2, $102.37
09/06/2019, $102.59, 2895094, $104.24, $104.5, $102.45
09/05/2019, $104.12, 3345371, $103.59, $105.105, $103.29
09/04/2019, $102.54, 2170074, $104.13, $104.55, $102.04
09/03/2019, $102.56, 2279683, $103.32, $104.46, $102.46
08/30/2019, $104.47, 2443553, $105.46, $105.46, $103.7304
08/29/2019, $104.83, 2907593, $105.22, $106.91, $104.74
08/28/2019, $103.59, 2652049, $102.96, $105.3, $102.26
08/27/2019, $103.84, 3531826, $104.78, $106.61, $103.35
08/26/2019, $103.8, 3121138, $102.8, $104.86, $102.51
08/23/2019, $101.85, 6128644, $103.4, $105.57, $101.55
08/22/2019, $105.45, 5928587, $105.77, $106.6986, $103.46
08/21/2019, $107.9, 6465306, $109.61, $109.9, $105.34
08/20/2019, $108.72, 14263630, $112.08, $113.4, $108.56
08/19/2019, $104.22, 11674430, $100, $105.3, $100
08/16/2019, $96.7, 5928550, $95.28, $97.4, $94.14
08/15/2019, $94.35, 3690148, $95.55, $95.9, $93.39
08/14/2019, $94.85, 4708726, $95.21, $96.47, $93.91
08/13/2019, $97.38, 4420531, $94.22, $99, $93.8825
08/12/2019, $95.08, 3062660, $96.24, $96.52, $94.88
08/09/2019, $97.36, 3009611, $99.17, $99.25, $96.605
08/08/2019, $99.89, 3561334, $99.38, $99.94, $98.53
08/07/2019, $99.19, 3779432, $98.39, $101.11, $97.77
08/06/2019, $99.68, 5316452, $101.68, $102, $99.26
08/05/2019, $100.15, 6951622, $104.01, $104.09, $99.28
08/02/2019, $107.76, 3394210, $108.22, $109.565, $106.89
08/01/2019, $109.21, 5218732, $111.53, $112.97, $108.75
07/31/2019, $111.7, 2807177, $112.5, $113.26, $110.75
07/30/2019, $112.75, 2973567, $112.5, $113.33, $111.75
07/29/2019, $113.45, 2545626, $113.75, $114.1, $112.45
07/26/2019, $114.22, 1676305, $115.01, $115.27, $114.02
07/25/2019, $114.47, 2079096, $116.23, $116.26, $113.9882
07/24/2019, $116.38, 3820485, $114.8, $116.76, $113.61
07/23/2019, $115.14, 4423868, $112.27, $115.25, $112.24
07/22/2019, $111.7, 2331559, $112.25, $113.15, $111.45
07/19/2019, $112.25, 3296753, $112.85, $113.7, $112.18
07/18/2019, $111.79, 3911811, $113.19, $113.49, $111.6
07/17/2019, $113.58, 2001733, $114.01, $114.4, $113.52
07/16/2019, $114.23, 2591648, $115.5, $115.6, $113.7
07/15/2019, $115.63, 2396502, $115.01, $116.05, $114.5215
07/12/2019, $114.9, 2564905, $114.85, $115.65, $114.11
07/11/2019, $114.75, 1755166, $114.69, $115.24, $114.14
07/10/2019, $114.4, 2525225, $116.16, $116.76, $114.04
07/09/2019, $114.8, 2129740, $112.35, $114.95, $112.1013
07/08/2019, $113.2, 3317314, $114.99, $114.99, $113.14
07/05/2019, $116.29, 3032117, $117.21, $117.8, $115.261
07/03/2019, $118.56, 2457630, $120.2, $120.2, $116.94
07/02/2019, $119.35, 2557697, $118.15, $119.41, $117.22
07/01/2019, $118.01, 3726968, $121.49, $121.8, $117.3714
06/28/2019, $117.36, 3446344, $116.01, $117.515, $115.38
06/27/2019, $116.04, 2003822, $116.31, $116.75, $114.62
06/26/2019, $115.77, 3639455, $114.58, $116.95, $114.22
06/25/2019, $113.26, 3449950, $115.57, $115.9, $112.4
06/24/2019, $116.7, 1771299, $117.29, $117.29, $115.57
06/21/2019, $116.91, 3920492, $117.8, $118.03, $116.08
06/20/2019, $118.3, 3466275, $120, $121.07, $117.5
06/19/2019, $117.8, 4102670, $118.16, $118.38, $116.05
06/18/2019, $116.95, 4134844, $115.44, $119.14, $115.2
06/17/2019, $114.33, 2954029, $113.3, $114.46, $112.38
06/14/2019, $113.08, 4320166, $112.81, $113.29, $111.6
06/13/2019, $114.01, 3080904, $113.98, $114.26, $112.515
06/12/2019, $113.09, 3384083, $114.01, $114.28, $112.04
06/11/2019, $115.37, 6438401, $113.93, $117.39, $113.81
06/10/2019, $111.76, 4346076, $111.02, $113.66, $111
06/07/2019, $109.81, 2581378, $109.1, $110.6499, $109.03
06/06/2019, $108.89, 2478227, $109.1, $109.63, $107.66
06/05/2019, $109.14, 4789164, $111.63, $111.75, $107.35
06/04/2019, $111.43, 4998567, $108.46, $112.32, $107.11
06/03/2019, $107.78, 5739914, $109.76, $110.26, $106.8
05/31/2019, $110, 5167256, $110, $111.14, $108.75
05/30/2019, $111.82, 4006691, $112.37, $113.1878, $111.03
05/29/2019, $112.95, 5168662, $113.2, $114, $112.08
05/28/2019, $114.14, 4576573, $115.01, $115.57, $113.9249
05/24/2019, $114.47, 4902873, $114.55, $115.87, $114.04
05/23/2019, $113.46, 7085772, $115.3, $115.77, $113.3
05/22/2019, $118.4, 5411219, $120.8, $121.15, $116.78
05/21/2019, $120.49, 9091570, $119.22, $121.12, $118.16
05/20/2019, $117.55, 18045170, $123.23, $123.27, $117.16
05/17/2019, $128.31, 29287230, $130.53, $134.13, $126.91
05/16/2019, $153.7, 4935395, $153.31, $155.454, $152.02
05/15/2019, $152.5, 3072585, $151.73, $153.54, $150.88
05/14/2019, $152.39, 3579705, $153.08, $153.78, $151.36
05/13/2019, $151.54, 5324744, $151.63, $153.8, $150.02
05/10/2019, $156.75, 3210112, $158, $158.99, $154.69
05/09/2019, $158.7, 4238750, $156.35, $159.65, $153.87
05/08/2019, $159.58, 4665536, $161.6, $161.6, $158.6001
05/07/2019, $162.13, 2954725, $162.9, $163.22, $160.6
05/06/2019, $164.5, 3303306, $161, $164.77, $160
05/03/2019, $167.04, 2232555, $167.4, $168.34, $166.55
05/02/2019, $166.24, 1856832, $165.76, $167.65, $164
05/01/2019, $165.42, 1905068, $166.58, $168.63, $165.37
04/30/2019, $166.23, 2586485, $164.68, $166.57, $162.2
04/29/2019, $165.85, 2981346, $167, $168.56, $164.9
04/26/2019, $166.12, 3697264, $167.85, $167.86, $163.98
04/25/2019, $167.93, 2929146, $169, $169.07, $166.44
04/24/2019, $169.3, 3240632, $174, $174.2582, $169.1
04/23/2019, $173.29, 2776873, $170, $174.12, $168.82
04/22/2019, $169.37, 2074102, $170, $170.19, $167.5
04/18/2019, $171.02, 1963500, $171, $172.2, $169.12
04/17/2019, $170.33, 2726239, $172.19, $172.4, $169.8
04/16/2019, $170.28, 2117832, $170, $171.46, $168.88
04/15/2019, $168.67, 3687910, $172.2, $172.26, $167.4
04/12/2019, $173.09, 3241051, $173.6, $173.89, $170.78
04/11/2019, $171.2, 3916692, $176.5, $176.64, $171.14
04/10/2019, $177.04, 4082394, $179.19, $179.55, $175.56
04/09/2019, $181, 3012354, $185, $185.6, $180.54
04/08/2019, $184.77, 3912125, $181.55, $186.22, $180.39
04/05/2019, $181.55, 2925040, $181.33, $182.47, $179.8
04/04/2019, $179.13, 3958838, $176.92, $180.73, $175.14
04/03/2019, $174.91, 3722349, $173.05, $176.93, $172.26
04/02/2019, $170.98, 2519585, $170.41, $174.15, $168.883
04/01/2019, $170.4, 4654486, $168.07, $171.4, $166.92
03/29/2019, $164.85, 2695018, $165.65, $166, $163.46
03/28/2019, $164.11, 1711806, $165, $165.36, $162.73
03/27/2019, $164.29, 2598793, $167.36, $167.985, $164.18
03/26/2019, $167.2, 1811599, $167, $169.86, $166.5848
03/25/2019, $166.88, 1623290, $165.57, $167.19, $163.76
03/22/2019, $166.73, 2263890, $170.72, $170.8862, $165.98
03/21/2019, $171.77, 2103000, $168.7, $171.9391, $168.7
03/20/2019, $170.17, 2050960, $171.28, $171.28, $166.6
03/19/2019, $170.73, 1663835, $172.11, $172.18, $169.97
03/18/2019, $171.17, 2129850, $172.41, $174.02, $169.67
03/15/2019, $170.48, 2978713, $169.41, $170.95, $168.75
03/14/2019, $167.74, 2268097, $167.96, $168.04, $166.15
03/13/2019, $168.17, 2431552, $167.8, $170.77, $167.1
03/12/2019, $166.99, 1832002, $168.45, $168.77, $164.56
03/11/2019, $166.96, 2173998, $165.6, $167.56, $164.46
03/08/2019, $163.65, 2633502, $162.94, $164.71, $160.83
03/07/2019, $165.72, 3245204, $169.63, $170, $164.9
03/06/2019, $170.24, 5133000, $169.215, $173.52, $169.11
03/05/2019, $167.74, 5795895, $161.47, $170.28, $161.11
03/04/2019, $160.92, 4316911, $163.71, $164.252, $158.44
03/01/2019, $162.09, 2653936, $164.18, $165.5, $161.98
02/28/2019, $162.54, 3410116, $162, $163.19, $160.91
02/27/2019, $162.17, 3703922, $161.55, $163.4, $160.6491
02/26/2019, $161.98, 4826885, $164, $164.34, $160.6
02/25/2019, $165, 5827152, $170.01, $170.55, $164.86
02/22/2019, $167.17, 9226824, $173.5, $174.17, $164
02/21/2019, $171.81, 4098620, $171.73, $172.89, $169.73
02/20/2019, $171.18, 4034152, $173.39, $176.0887, $170.51
02/19/2019, $172.45, 3153975, $169.53, $173.6, $169.2
02/15/2019, $170.06, 3435868, $175.49, $175.63, $169
02/14/2019, $174.08, 2015557, $173.5, $174.96, $171.55
02/13/2019, $173.82, 2544736, $172.98, $175.35, $171.71
02/12/2019, $170.25, 2395569, $169.04, $171.54, $169.01
02/11/2019, $168.06, 2778721, $172.22, $172.37, $166.57
02/08/2019, $169.9, 2121881, $170.46, $170.48, $166.66
02/07/2019, $171.58, 1979561, $173.52, $173.96, $170.06
02/06/2019, $173.85, 1245863, $176.23, $176.54, $173.59
02/05/2019, $176.23, 1533405, $175.31, $176.89, $173.535
02/04/2019, $173.94, 1583267, $172.35, $175.535, $171.01
02/01/2019, $171.27, 1988870, $172.68, $173.54, $169.38
01/31/2019, $172.63, 3317196, $171.05, $175.09, $170.36
01/30/2019, $169.34, 2410359, $166.72, $170.1, $165.25
01/29/2019, $165.27, 1464990, $167.91, $167.975, $164.15
01/28/2019, $167.5, 2026413, $164.18, $168.23, $162.72
01/25/2019, $167.1, 2985084, $164.99, $168.06, $163.4
01/24/2019, $162.7, 2921835, $163.25, $163.55, $161
01/23/2019, $163.26, 4426317, $162, $163.36, $158.9
01/22/2019, $160.39, 7084461, $167.35, $167.46, $158.52
01/18/2019, $171.36, 3233650, $170.54, $174.275, $169.8
01/17/2019, $168.11, 3117428, $167.84, $169.94, $164.55
01/16/2019, $169.75, 2101361, $169.62, $171.33, $168.56
01/15/2019, $167.93, 2359740, $164.43, $169.94, $164.4
01/14/2019, $163.03, 1786562, $162.82, $163.97, $161.59
01/11/2019, $166.11, 2340426, $167.85, $168.35, $164.68
01/10/2019, $168.35, 2134928, $164.98, $168.45, $162.91
01/09/2019, $166.64, 3391256, $166.72, $168.405, $165.48
01/08/2019, $163.4, 3251809, $162.19, $163.89, $158.16
01/07/2019, $162.6, 3260746, $162.6, $164.49, $158.51
01/04/2019, $160.95, 3845667, $157.6, $162.43, $157.25
01/03/2019, $154.71, 3839620, $158.75, $159.88, $153.78
01/02/2019, $162.25, 2983776, $156.18, $164.33, $155.49
12/31/2018, $158.6, 2485471, $163.8, $164.4, $157.52
12/28/2018, $162.17, 2147294, $162.03, $164.605, $160.6
12/27/2018, $161.58, 2637025, $160.54, $161.95, $156.04
12/26/2018, $163.04, 2666330, $158.32, $163.17, $154.61
12/24/2018, $157.12, 2354022, $155.29, $161.48, $155.25
12/21/2018, $157.42, 4933852, $162.29, $162.77, $156.25
12/20/2018, $160.36, 4151188, $160.86, $164.59, $159.831
12/19/2018, $162.48, 3968143, $167.94, $169.14, $160
12/18/2018, $167.61, 2938266, $173.12, $173.29, $167.21
12/17/2018, $169.86, 4174384, $176.58, $176.78, $167.53
12/14/2018, $177.54, 2074884, $177.7, $180.51, $176.48
12/13/2018, $179.9, 1795384, $182.39, $183.1, $179.17
12/12/2018, $179.75, 2782054, $180.5, $182.95, $179.3
12/11/2018, $176.85, 3128124, $181.84, $182.1, $176.01
12/10/2018, $179.2, 1939824, $178.26, $181.55, $174.25
12/07/2018, $179.56, 2852213, $180.11, $185.15, $178.62
12/06/2018, $180.7, 4344865, $176.01, $183.49, $174.66
12/04/2018, $182.66, 4590765, $192.37, $193.5, $180
12/03/2018, $191.33, 3628593, $196, $196, $189.21
11/30/2018, $188.28, 2936647, $183.04, $189.59, $182.38
11/29/2018, $183.22, 3404255, $186.5, $187.49, $182.445
11/28/2018, $188.44, 3333941, $185.8, $188.5, $181.7483
11/27/2018, $182.79, 2683350, $183.6, $185.25, $181.11
11/26/2018, $185.19, 1858371, $186.26, $186.87, $183.83
11/23/2018, $182.61, 1266331, $181.38, $183.31, $181
11/21/2018, $183.95, 2702981, $180.02, $186.27, $179.5227
11/20/2018, $177.48, 3483501, $177.6, $179.96, $175.32
11/19/2018, $183.09, 2663320, $185.86, $186.96, $181.89
11/16/2018, $186.95, 1623024, $187.07, $188, $183.59
11/15/2018, $188.41, 2220654, $186.8, $188.5, $185.37
11/14/2018, $185.06, 2429807, $185.5, $186.98, $181.67
11/13/2018, $183.34, 2968401, $182.39, $185.41, $180.2274
11/12/2018, $180.43, 2277050, $183.47, $183.57, $178.89
11/09/2018, $183.75, 2926685, $184.48, $186.25, $181.65
11/08/2018, $188.55, 2474445, $193.7, $195.75, $187.98
11/07/2018, $195.41, 2060834, $196.01, $196.02, $192.35
11/06/2018, $192.44, 1810909, $191.08, $194.72, $190.42
11/05/2018, $190.59, 3221701, $194.01, $197.17, $189.15
11/02/2018, $194.69, 4663362, $203.23, $206.25, $192.03
11/01/2018, $201.47, 6390087, $192.45, $202.13, $185
10/31/2018, $190.06, 6318333, $184.4, $192.46, $181.91
10/30/2018, $183.37, 5032348, $181.75, $183.6, $177.8
10/29/2018, $181.75, 4273051, $190, $190, $178.1
10/26/2018, $188.51, 2902719, $184.08, $191.35, $182.6
10/25/2018, $190.43, 2768158, $186.21, $192.52, $185.79
10/24/2018, $184.47, 3845595, $193.24, $193.24, $184.02
10/23/2018, $193.42, 3368923, $190.16, $194.96, $187.875
10/22/2018, $196.19, 2794273, $197.87, $198.71, $194.73
10/19/2018, $191.92, 2909649, $193.65, $197.25, $190.89
10/18/2018, $191.88, 4586817, $197.51, $197.97, $190.1
10/17/2018, $200.72, 1735380, $203.74, $203.75, $198.75
10/16/2018, $203.21, 2398270, $202, $203.67, $199.71
10/15/2018, $200.12, 1836903, $201.5, $203.69, $198.78
10/12/2018, $204.36, 3874294, $205.4, $206.65, $200.94
10/11/2018, $198, 4581842, $189.29, $198.1399, $189
10/10/2018, $194.26, 4538449, $198, $198.8, $192.2
10/09/2018, $200.85, 3134183, $201.8, $203.36, $199.4227
10/08/2018, $203.98, 3389548, $200.18, $204.63, $198.1908
10/05/2018, $205.62, 3947795, $208.57, $209.22, $202.21
10/04/2018, $210.07, 4029745, $215, $215.27, $206.61
10/03/2018, $216.35, 2401862, $220.27, $220.97, $215.76
10/02/2018, $218.9, 3938670, $221.67, $222.45, $217.3
10/01/2018, $227.4, 1199340, $230.81, $231.17, $227.2
09/28/2018, $228.68, 1816827, $228.53, $230.65, $226.76
09/27/2018, $230.47, 1976232, $228.7, $231.79, $226.83
09/26/2018, $228.42, 2716035, $228.31, $232.59, $227.73
09/25/2018, $226.6, 1720692, $226.76, $228.66, $224.44
09/24/2018, $226.63, 1526300, $225, $226.84, $224.05
09/21/2018, $228.85, 3500451, $234.88, $234.88, $228.4
09/20/2018, $230.62, 3107612, $230.2, $233, $227.82
09/19/2018, $226.41, 3618518, $218.55, $228.95, $217.74
09/18/2018, $216.88, 2114658, $218.54, $222.38, $215.58
09/17/2018, $217.66, 2154345, $216.84, $220.99, $216.7
09/14/2018, $220.03, 2198314, $224.88, $225, $218.63
09/13/2018, $222.42, 2855785, $223.99, $224.62, $221.11
09/12/2018, $218.69, 3012621, $215, $219.93, $211.98
09/11/2018, $216.1, 2200217, $210.5, $216.727, $208.5
09/10/2018, $213.59, 2136307, $215.87, $217.04, $212.65
09/07/2018, $216.04, 2489079, $214.02, $218.03, $212.4
09/06/2018, $215.05, 2222606, $216.56, $218.7442, $211.9808
09/05/2018, $216.24, 2458426, $219.2, $220.485, $215.61
09/04/2018, $222.18, 2242654, $225.09, $227.5, $220.76
08/31/2018, $226.48, 2017228, $221.71, $226.87, $221.27
08/30/2018, $224.25, 2350238, $224.78, $227.5, $222.55
08/29/2018, $225.87, 1452304, $225.85, $226.85, $223.891
08/28/2018, $225.72, 2188179, $229.7, $230.84, $224.701
08/27/2018, $228.61, 3106532, $228.39, $231.39, $227.765
08/24/2018, $224.36, 2812308, $221.4, $225.09, $220.82
08/23/2018, $219.3, 2900816, $224.27, $224.97, $218.93
08/22/2018, $223.03, 1733470, $223.2, $226.17, $222.151
08/21/2018, $223.13, 2278755, $225.77, $226.279, $222.42
08/20/2018, $223.71, 3224782, $224.7, $226.37, $220.97
08/17/2018, $222.67, 5495422, $221, $225.069, $217.0886
08/16/2018, $217.3, 4334911, $216.12, $221.4, $215.4866
08/15/2018, $213.47, 4259618, $211.37, $214.15, $207.95
08/14/2018, $216.21, 3193416, $218.33, $218.37, $213.67
08/13/2018, $217.57, 2500360, $220.01, $220.175, $216.405
08/10/2018, $220.1, 3350954, $217.5, $221.91, $216.51
08/09/2018, $219.89, 3509814, $223.36, $223.72, $219.6
08/08/2018, $222, 5159775, $226.99, $226.99, $221.28
08/07/2018, $226.67, 7888399, $228.362, $230.25, $224.26
08/06/2018, $232.96, 3698953, $234.11, $235.8, $230.06
08/03/2018, $235.65, 5832522, $235, $237.5, $230.84
08/02/2018, $230.46, 6593328, $230.56, $231.5, $226.21
08/01/2018, $228.07, 13983840, $234.99, $237.72, $226.6388
07/31/2018, $247.18, 4258715, $253.84, $255.94, $245.53
07/30/2018, $251.4, 2549052, $256.49, $257.31, $248.3
07/27/2018, $255.09, 2310206, $262.63, $262.96, $251.8279
07/26/2018, $260.35, 2059399, $259.82, $263.6323, $257.68
07/25/2018, $262.91, 2639315, $256.41, $263.7, $256.41
07/24/2018, $256.48, 2748471, $265.31, $265.73, $255.1
07/23/2018, $260.38, 1702555, $257.89, $261.095, $257.18
07/20/2018, $259.98, 2213180, $263.36, $265.21, $259.96
07/19/2018, $262.42, 2376513, $266.73, $267.3, $261.93
07/18/2018, $269.42, 2036585, $268.9, $270.09, $264.5
07/17/2018, $270.02, 2674017, $264.1, $271.08, $259.1
07/16/2018, $267.08, 1510246, $266.45, $269.74, $266
07/13/2018, $267.19, 2532581, $271.36, $274, $265.701
07/12/2018, $271.45, 3964270, $264.23, $272.15, $263.695
07/11/2018, $261.25, 2651356, $256.49, $263.96, $255.75
07/10/2018, $261.25, 1921888, $262.99, $264.83, $258.85
07/09/2018, $261.97, 4230159, $259.276, $262.9, $258.6
07/06/2018, $251.77, 3916964, $244.75, $253.5, $243.8756
07/05/2018, $244.07, 2964179, $248.99, $250.69, $243.44
07/03/2018, $246.43, 2298829, $248.71, $249.06, $245.3
07/02/2018, $246.25, 2312605, $238.08, $246.38, $236.28
06/29/2018, $243, 3647336, $245.9, $247.77, $242
06/28/2018, $242.21, 6464138, $241.84, $242.72, $237.8
06/27/2018, $243, 4394737, $255, $255.5, $241.8638
06/26/2018, $250.77, 2401919, $252.46, $253.1135, $248.21
06/25/2018, $250.41, 3987386, $254.28, $254.3, $245.5
06/22/2018, $259, 3026488, $261, $261.74, $258.01
06/21/2018, $260.5, 3244538, $263.22, $265.6, $260.3
06/20/2018, $264.06, 2876096, $263.34, $264.79, $259.42
06/19/2018, $262.11, 4292279, $260.23, $262.17, $256.44
06/18/2018, $268.89, 3663366, $267.3, $269.82, $264.11
06/15/2018, $272.97, 5912834, $268, $273.61, $266.35
06/14/2018, $270.64, 3114528, $270.41, $273.31, $269.75
06/13/2018, $270, 2668096, $268.86, $272.19, $267.92
06/12/2018, $267.42, 3287627, $270.54, $272.88, $265.6649
06/11/2018, $269.78, 2764772, $264, $269.83, $262.52
06/08/2018, $263.59, 3114337, $262.17, $263.89, $259.51
06/07/2018, $264.89, 3645316, $264.69, $268, $263.03
06/06/2018, $263.94, 3366893, $260.18, $263.99, $257.08
06/05/2018, $259.98, 4973938, $262.245, $265.41, $255.2
06/04/2018, $260.9, 5629302, $251, $261, $251
06/01/2018, $248.46, 4545910, $245.39, $251, $244.85
05/31/2018, $242.56, 4398703, $242.04, $245.52, $241.96
05/30/2018, $241.63, 3140201, $243.69, $243.75, $240.47
05/29/2018, $242.05, 3629519, $242.55, $245.04, $240.6
05/25/2018, $243.8, 5293770, $240.478, $245.799, $240.08
05/24/2018, $240.28, 4779166, $243.49, $243.9527, $240.05
05/23/2018, $240.39, 5033236, $238.77, $243.33, $236.61
05/22/2018, $239.97, 7129762, $243.99, $247.05, $239.6
05/21/2018, $240.51, 15232320, $256, $256.3627, $237.83
05/18/2018, $253.01, 16036380, $262.38, $264.665, $251.58
05/17/2018, $279.68, 3238035, $280.26, $283.95, $278.6
05/16/2018, $284.07, 3617516, $272.74, $284.22, $271.2264
05/15/2018, $271.92, 2299528, $266.41, $271.98, $265.61
05/14/2018, $272.26, 3282097, $271.5, $278.76, $271
05/11/2018, $269.91, 2242693, $270.92, $271.49, $266.37
05/10/2018, $268.68, 3069562, $262.18, $269.4, $260.7
05/09/2018, $261.29, 2299989, $263.1, $264.43, $259.71
05/08/2018, $263.09, 3598684, $255, $263.99, $253.4
05/07/2018, $253.9, 3045913, $251.53, $257, $250.25
05/04/2018, $251.73, 2692673, $250.85, $254.74, $249.2933
05/03/2018, $252.46, 2727455, $249, $254.54, $245.74
05/02/2018, $249.8, 3058242, $250.92, $252.74, $246.8
05/01/2018, $252.13, 2469204, $247.24, $254.08, $246.01
04/30/2018, $250.9, 4268192, $253.69, $255, $244.4
04/27/2018, $251.93, 8012024, $253.95, $257.3, $245.63
04/26/2018, $238.69, 3840413, $232.83, $239.4, $232.6
04/25/2018, $231.41, 2250412, $229.2, $231.46, $222.5
04/24/2018, $231.41, 2220157, $233.82, $238.36, $228.5
04/23/2018, $231.42, 1532792, $232.52, $235.05, $230.14
04/20/2018, $232.5, 2274649, $234.92, $235.69, $230.21
04/19/2018, $237.11, 1737361, $238.43, $240.4, $235.2624
04/18/2018, $237.75, 2039197, $237.38, $239.91, $236.5
04/17/2018, $235.67, 2279371, $230.27, $237, $228.63
04/16/2018, $229.9, 1913580, $228.45, $231.065, $226.53
04/13/2018, $228.17, 1608928, $231.88, $233, $225.77
04/12/2018, $231.34, 1213955, $230.75, $232.2365, $229.03
04/11/2018, $229.65, 1380437, $230, $233.5, $228.88
04/10/2018, $231.5, 2622356, $231.32, $233.55, $228.42
04/09/2018, $224.33, 2276948, $224.7, $227.7476, $221.92
04/06/2018, $219.82, 1737328, $221.3, $225.29, $218.13
04/05/2018, $225.57, 1997010, $226.01, $228.4999, $224.37
04/04/2018, $224.3, 4100721, $213.8, $225.95, $213.556
04/03/2018, $220.02, 2344606, $223.53, $224.77, $216.69
04/02/2018, $220.06, 2688697, $220.84, $223.87, $216.11
03/29/2018, $223.19, 3785043, $225, $226.4797, $220.16
03/28/2018, $223.1, 4246406, $228.8, $229.9, $220.2
03/27/2018, $230.96, 3014423, $239.38, $241.209, $228.7
03/26/2018, $235.94, 3322856, $236.61, $237.77, $229.38
03/23/2018, $230.08, 3975792, $236.52, $238.82, $229.34
03/22/2018, $236.11, 5095676, $245, $245.17, $233.72
03/21/2018, $250.05, 2641659, $254.26, $254.26, $249.03
03/20/2018, $254.46, 2359195, $253.75, $256.74, $252.11
03/19/2018, $252.83, 3087709, $261.47, $261.76, $250.35
03/16/2018, $262.39, 4644499, $259.61, $263.7, $257.21
03/15/2018, $262.71, 2505453, $263.01, $264.75, $260.49
03/14/2018, $259.35, 2342565, $259.73, $262.75, $256.725
03/13/2018, $258.35, 2564488, $268, $268, $257.34
03/12/2018, $265.67, 2573403, $264.92, $270.58, $263.24
03/09/2018, $263.56, 3755736, $259.25, $267.6, $257.86
03/08/2018, $257.14, 2284689, $257.54, $258.55, $254.86
03/07/2018, $257.26, 1657859, $255.93, $258.32, $254.16
03/06/2018, $258.73, 2590490, $257.99, $260, $255.73
03/05/2018, $254.89, 2269157, $248.09, $256.33, $246.21
03/02/2018, $250.6, 2431239, $242.32, $251.58, $240.66
03/01/2018, $249.75, 3004554, $251.63, $256.2, $245.68
02/28/2018, $252.34, 2671582, $254, $255, $250.5728
02/27/2018, $250.46, 2694540, $253.5, $257.5605, $250.21
02/26/2018, $256.25, 2590913, $251.34, $256.29, $250.86
02/23/2018, $250.74, 1788876, $250, $252, $246.89
02/22/2018, $249.35, 2349450, $248.09, $249.43, $244.355
02/21/2018, $246.92, 2412659, $247.72, $252.95, $246.75
02/20/2018, $245.43, 2216619, $243.07, $248.01, $242.14
02/16/2018, $244.72, 2197885, $248, $248.74, $242.9
02/15/2018, $248.2, 5588248, $240.99, $248.29, $237.13
02/14/2018, $235.89, 7922485, $236.04, $239.88, $232.688
02/13/2018, $225.6, 4633884, $223.41, $227.7, $221.8
02/12/2018, $221.64, 3081793, $219.99, $223.24, $218.5402
02/09/2018, $215.67, 4632536, $213.46, $218.41, $207.74
02/08/2018, $212.07, 4151485, $223.01, $225.71, $211.7
02/07/2018, $222.5, 2410358, $228.26, $229.6599, $222.5
02/06/2018, $228.77, 5047874, $218, $230, $216
02/05/2018, $225.32, 3936116, $229.42, $235.69, $224.58
02/02/2018, $233.17, 3321965, $237.49, $238.4999, $232.43
02/01/2018, $240.53, 2740974, $243.33, $248.23, $239.37
01/31/2018, $246.92, 3605961, $247.48, $248.18, $242.4
01/30/2018, $244.07, 4570575, $247.87, $249.35, $241.2
01/29/2018, $253.73, 3335056, $256.66, $256.98, $252.8
01/26/2018, $260.25, 2394341, $255.76, $260.4266, $253.8
01/25/2018, $254.14, 2188333, $259.83, $260, $253.03
01/24/2018, $257.96, 2851371, $258.58, $263.41, $252.1
01/23/2018, $257.35, 2229640, $252.89, $257.54, $251.26
01/22/2018, $254.34, 2293313, $255.99, $256.42, $249.5
01/19/2018, $255.98, 1824216, $255.87, $258.33, $254.36
01/18/2018, $254.96, 2042168, $255.49, $256.15, $252.553
01/17/2018, $255.49, 2215546, $260.75, $260.89, $253.08
01/16/2018, $257.78, 4089801, $259.69, $265.77, $256.78
01/12/2018, $253.04, 3039427, $252.49, $256.98, $250.87
01/11/2018, $250.22, 1731018, $250.4, $251.49, $246.89
01/10/2018, $248.95, 2178347, $251.49, $253.74, $247.9
01/09/2018, $254.73, 2617194, $253.54, $254.99, $248.05
01/08/2018, $250.82, 2414646, $247.14, $253.86, $246.75
01/05/2018, $245.14, 2603087, $246.84, $248, $242.6
01/04/2018, $245.73, 1575387, $249, $249.2, $244.28
01/03/2018, $245.55, 1906018, $244.86, $246.2641, $240.0901
01/02/2018, $242.4, 2689315, $236.49, $242.82, $235.26
12/29/2017, $234.21, 1135993, $234.83, $236.13, $232.5
12/28/2017, $234.74, 1005434, $238.57, $239, $234.4
12/27/2017, $237.71, 928749, $237.5, $239.14, $235.61
12/26/2017, $237.83, 1290595, $237.21, $238.77, $235.377
12/22/2017, $239.05, 1169596, $237.76, $241.79, $237.45
12/21/2017, $239.49, 2046179, $234.48, $240.83, $234.01
12/20/2017, $233.37, 1747232, $236.04, $236.95, $231.29
12/19/2017, $235.62, 2721836, $241.59, $242, $235.13
12/18/2017, $240.93, 2070932, $235.82, $241.49, $234.9
12/15/2017, $233.48, 5009986, $233, $233.48, $229.31
12/14/2017, $231.82, 2860127, $233.06, $233.15, $227.81
12/13/2017, $233.24, 2218181, $234.88, $237.17, $231.85
12/12/2017, $232.73, 1911403, $231.51, $232.9499, $229.92
12/11/2017, $233.54, 1994468, $235.5, $236.63, $233.165
12/08/2017, $234.59, 2151303, $236.91, $237.74, $234.43
12/07/2017, $233.01, 1788912, $231.16, $235.659, $231.0057
12/06/2017, $231.15, 2107548, $228.35, $231.89, $227.22
12/05/2017, $231.75, 2874133, $226, $234.1, $225.5
12/04/2017, $229.66, 3325426, $237.71, $237.9115, $226.35
12/01/2017, $235.07, 2387146, $233.65, $238.64, $232.51
11/30/2017, $238.58, 3127218, $237.38, $239.19, $235.19
11/29/2017, $235.49, 3530026, $242.32, $243.88, $229.01
11/28/2017, $244.03, 2342548, $249, $249, $241.91
11/27/2017, $247.02, 2018783, $246, $248.97, $245.62
11/24/2017, $249.42, 1610892, $249.5, $250.3724, $245.73
11/22/2017, $249.65, 3477464, $246.75, $252.9, $246.3908
11/21/2017, $244.3, 2591715, $242, $246.9, $240.198
11/20/2017, $238.54, 2078555, $241, $242.63, $237.66
11/17/2017, $239.27, 2224855, $241.8, $243.04, $239.01
11/16/2017, $239.32, 2262767, $236.71, $240.71, $234.2608
11/15/2017, $234.21, 2656171, $232.01, $234.84, $226.01
11/14/2017, $234.92, 1561131, $236.6, $237, $232.92
11/13/2017, $237.37, 1712006, $234.69, $238.46, $232.02
11/10/2017, $237.4, 1461480, $239.58, $239.58, $236.5
11/09/2017, $240.06, 2564732, $237.99, $240.55, $236.29
11/08/2017, $241.18, 2087088, $243.63, $244.525, $238.8
11/07/2017, $243.47, 1631315, $246.62, $247.92, $242.41
11/06/2017, $244.53, 1833364, $242.71, $246.7, $240.8
11/03/2017, $241.54, 1622040, $242.65, $244.39, $240.32
11/02/2017, $242.09, 2578964, $246.37, $247.225, $239.5
11/01/2017, $245.43, 3615173, $247.71, $251.18, $245.26
10/31/2017, $243.94, 3757234, $238, $244.409, $235.03
10/30/2017, $236.42, 5105438, $240.96, $244.55, $232.44
10/27/2017, $239.37, 10848600, $241.82, $247.39, $235.73
10/26/2017, $260.62, 3640570, $262.06, $265.51, $259.47
10/25/2017, $263.04, 3118904, $264.68, $268.51, $257.69
10/24/2017, $264, 1640690, $266.2, $266.8, $263.115
10/23/2017, $266.13, 2014577, $266.1, $267.87, $261.511
10/20/2017, $264.9, 2115217, $268.4, $269.8, $264.35
10/19/2017, $264.52, 2981269, $262.26, $265.53, $259.15
10/18/2017, $268.97, 2156627, $271.1, $271.49, $266.97
10/17/2017, $270.32, 3191321, $273.7, $274.97, $269.44
10/16/2017, $272.82, 3614577, $264.98, $273.07, $264
10/13/2017, $262.68, 2111045, $260.11, $264.66, $259.61
10/12/2017, $259.33, 2185652, $259.53, $261.36, $258.06
10/11/2017, $260.32, 2796646, $261.06, $263.44, $258.51
10/10/2017, $262.41, 4283551, $254.36, $262.69, $253.52
10/09/2017, $252.22, 2402074, $248.16, $254.28, $247.4345
10/06/2017, $247.69, 1342558, $244.83, $247.86, $244.163
10/05/2017, $245.27, 2155628, $246.49, $247.5, $242.22
10/04/2017, $243.97, 1754219, $246.26, $247, $243.67
10/03/2017, $247, 1997379, $250, $250.49, $246.51
10/02/2017, $248.67, 2319934, $248.62, $250.57, $246.5
09/29/2017, $247.69, 3402070, $242.03, $248, $242.03
09/28/2017, $241.28, 1957971, $238.47, $242.37, $237.2
09/27/2017, $239.82, 2157364, $240.02, $240.75, $237.361
09/26/2017, $236.19, 2392162, $236.29, $240, $234.99
09/25/2017, $234.49, 3485751, $239.87, $239.9, $230.58
09/22/2017, $240.57, 1921756, $237.82, $242.7, $237.19
09/21/2017, $238.92, 2006433, $239.21, $239.69, $235.35
09/20/2017, $237.96, 2007673, $238.5, $240.4, $235.51
09/19/2017, $237.85, 2329093, $239.03, $240.125, $235.7
09/18/2017, $239.07, 2908072, $236.79, $240.43, $235.58
09/15/2017, $235.21, 5226688, $237.87, $239.16, $235.21
09/14/2017, $237.33, 2511505, $235, $238.46, $234.8
09/13/2017, $236.41, 2765238, $237.57, $239, $235.45
09/12/2017, $237.6, 2411724, $234.95, $237.93, $233.84
09/11/2017, $233.5, 2244216, $232.39, $234.62, $232.21
09/08/2017, $229.23, 1831483, $232.78, $235, $228.73
09/07/2017, $233.18, 2470671, $226, $233.54, $225.71
09/06/2017, $226.97, 1999620, $226, $228.96, $223.54
09/05/2017, $225.3, 3159336, $231.29, $232.47, $224.58
09/01/2017, $232.64, 2657661, $228.26, $233.79, $226.61
08/31/2017, $228.05, 2416136, $224, $228.68, $222.61
08/30/2017, $223.88, 1864379, $221.8, $224.71, $220.36
08/29/2017, $220.69, 2033130, $216, $221.7, $213.528
08/28/2017, $219.99, 2993248, $225.92, $226.79, $219.36
08/25/2017, $225.55, 2441392, $224.96, $229.43, $224.44
08/24/2017, $224.86, 2151331, $226.12, $226.7499, $224.11
08/23/2017, $224.99, 1835460, $224.85, $225.71, $223.63
08/22/2017, $226.11, 2462140, $224.49, $226.49, $222.775
08/21/2017, $222.48, 2731132, $223.5, $227.9492, $221.88
08/18/2017, $220.69, 3053687, $220.77, $221.19, $218.5
08/17/2017, $221.05, 2653054, $226.42, $227.0193, $220.36
08/16/2017, $226.14, 2214086, $228, $228.98, $225.71
08/15/2017, $225.33, 2140210, $226.1, $227.66, $223.57
08/14/2017, $223.69, 2446865, $223.51, $224.77, $221
08/11/2017, $223.49, 3327837, $218.6, $224.66, $216.2
08/10/2017, $222.57, 4166496, $227.5, $228.99, $220.47
08/09/2017, $230.3, 2513738, $227.19, $230.49, $225.36
08/08/2017, $229.45, 4021194, $226.6, $233.37, $226.54
08/07/2017, $227.16, 2997829, $225.6, $228.99, $224.77
08/04/2017, $226.05, 3520324, $227.28, $230.34, $225.7
08/03/2017, $227.39, 3433077, $221, $227.9699, $220.551
08/02/2017, $221.96, 3688166, $224.12, $224.64, $218.58
08/01/2017, $225.6, 4340497, $227.14, $227.98, $222.17
07/31/2017, $226.35, 8559579, $223.59, $230, $223.05
07/28/2017, $220, 12587490, $211.01, $225.6, $208.8
07/27/2017, $201, 5157824, $204.01, $205.6, $197.11
07/26/2017, $201.17, 3487979, $196.85, $201.23, $196.75
07/25/2017, $197.05, 2924618, $198.5, $198.65, $195.97
07/24/2017, $198.65, 3926531, $193.975, $199.25, $193.02
07/21/2017, $193.18, 1850685, $190.96, $193.2, $190.56
07/20/2017, $191.32, 1570531, $192.26, $192.86, $190.79
07/19/2017, $190.91, 2123333, $190.8, $192.35, $189.56
07/18/2017, $189.51, 1779135, $187.23, $190.1, $186.69
07/17/2017, $188.23, 2797457, $189.12, $191.779, $186.89
07/14/2017, $188.55, 1665294, $187.99, $189, $187.525
07/13/2017, $186.92, 2225214, $187.47, $188.98, $186.15
07/12/2017, $186.76, 1894666, $185.81, $187.56, $185.26
07/11/2017, $184.41, 1539008, $183.2, $184.56, $181.83
07/10/2017, $182.93, 1467341, $182.31, $183.94, $181.59
07/07/2017, $181.4, 1444651, $181.79, $182.78, $179.92
07/06/2017, $181.79, 2414594, $183.88, $183.89, $180.678
07/05/2017, $183.83, 4442764, $186.37, $187.25, $182.17
07/03/2017, $179.97, 1917192, $179.9, $183.5, $179.63
06/30/2017, $178.86, 2083678, $180.44, $180.88, $178.3101
06/29/2017, $179.63, 3124343, $177.54, $180.455, $177.22
06/28/2017, $178, 2632067, $177, $178.72, $175.83
06/27/2017, $175.6, 2523216, $178.52, $178.65, $175.1
06/26/2017, $178.46, 2061894, $180.59, $181.74, $178.35
06/23/2017, $178.14, 1765066, $180.32, $180.55, $177.61
06/22/2017, $179.33, 1748808, $179.25, $180.714, $177.99
06/21/2017, $180.17, 2073868, $179.14, $181, $177.93
06/20/2017, $177.85, 1762543, $177.69, $178.42, $176.93
06/19/2017, $176.93, 2502649, $176.38, $179.23, $175.8001
06/16/2017, $173.88, 2491598, $176.41, $176.41, $173.66
06/15/2017, $176.33, 2715667, $176.19, $176.99, $173.52
06/14/2017, $178.2, 2139446, $180.6, $180.82, $176.2
06/13/2017, $179.19, 2571077, $181.52, $181.52, $177.24
06/12/2017, $180.06, 3052884, $180, $182.15, $177.31
06/09/2017, $181.07, 4081656, $186.03, $186.1, $178.21
06/08/2017, $185.75, 4893192, $191.6, $192.38, $183.68
06/07/2017, $187.53, 2391105, $186.24, $188.585, $184.75
06/06/2017, $185.75, 2078041, $186.73, $187.2, $184.51
06/05/2017, $187.31, 1421347, $188.71, $188.71, $185.21
06/02/2017, $187.6, 1190615, $188.6, $189.25, $187
06/01/2017, $187.26, 2064824, $186.15, $188.1, $185.59
05/31/2017, $186.1, 3411597, $189.95, $190.49, $184.32
05/30/2017, $189.88, 1914935, $190.94, $192.289, $189.36
05/26/2017, $190.39, 1567691, $192.78, $193.74, $190.09
05/25/2017, $191.95, 2175400, $191.23, $193, $189.83
05/24/2017, $190.63, 2805090, $191.03, $191.99, $189.97
05/23/2017, $191.8, 2147602, $192.7, $193.56, $190.37
05/22/2017, $191.69, 2914502, $190, $193.5599, $188.08
05/19/2017, $188.76, 3859620, $183.17, $189.42, $182.89
05/18/2017, $182.43, 4685505, $182.68, $183.62, $181.29
05/17/2017, $186.05, 3585620, $187.97, $190.71, $185.68
05/16/2017, $190.64, 3924967, $186.83, $192.37, $186.387
05/15/2017, $186.14, 1988251, $187.08, $187.46, $185.24
05/12/2017, $186.83, 1816201, $186.25, $187.98, $185.67
05/11/2017, $186.6, 3204432, $183.54, $187.33, $182.96
05/10/2017, $183.57, 2867581, $182.37, $184.93, $181.62
05/09/2017, $182.98, 3479314, $178.9, $183.59, $178.36
05/08/2017, $177.47, 2407201, $178.5, $178.54, $176.68
05/05/2017, $178.03, 2327377, $176.3, $178.3, $174.77
05/04/2017, $176.71, 2129320, $177.89, $178, $176.28
05/03/2017, $177.4, 2016623, $179.01, $179.01, $176.9
05/02/2017, $178.64, 2394398, $180.1, $180.4, $178
05/01/2017, $180.06, 3483363, $180.45, $181.17, $177.19
04/28/2017, $180.23, 7428304, $181.08, $182.96, $176.07
04/27/2017, $187.86, 3060560, $187.81, $188.599, $186.1
04/26/2017, $186.67, 2894775, $187.9, $188, $184.9
04/25/2017, $186.99, 3746738, $182.86, $187.5, $182.33
04/24/2017, $180.03, 1905555, $180, $180.65, $179.54
04/21/2017, $178.08, 1626390, $180.4, $180.4, $177.8601
04/20/2017, $178.64, 2477762, $178.99, $180.38, $178.41
04/19/2017, $177.81, 3997968, $175.62, $181.18, $175.34
04/18/2017, $174.47, 1806906, $173.31, $174.56, $172.07
04/17/2017, $173.31, 1366014, $172.61, $173.8, $172.61
04/13/2017, $172.61, 1334118, $173.55, $174.76, $172.46
04/12/2017, $173.61, 1205365, $172.47, $174.87, $172.33
04/11/2017, $173.01, 1842878, $173.97, $175.24, $172.58
04/10/2017, $174.22, 1701045, $172.3, $174.675, $172.17
04/07/2017, $172.44, 1963451, $173.68, $173.94, $171.17
04/06/2017, $173.38, 2057768, $173.8, $174.73, $173.04
04/05/2017, $172.92, 2185871, $175.35, $176.31, $172.46
04/04/2017, $175.2, 1898057, $174.76, $176.662, $174.13
04/03/2017, $175, 2348277, $173, $175.9, $173
03/31/2017, $172.52, 2533480, $171.46, $173.95, $171.46
03/30/2017, $172.36, 2380974, $171.71, $172.62, $171.17
03/29/2017, $170.66, 1509587, $170, $172.1, $169.34
03/28/2017, $169.79, 2059011, $168.93, $170.67, $168.58
03/27/2017, $168.93, 2047841, $166.23, $170.67, $166
03/24/2017, $168.26, 2157505, $170.39, $170.47, $167.85
03/23/2017, $169.61, 2845624, $168.75, $170.02, $167.25
03/22/2017, $169.56, 3481466, $169.82, $169.82, $167.75
03/21/2017, $171.4, 3342239, $177.5, $177.7, $170.27
03/20/2017, $176.13, 1812849, $177.1, $177.86, $174.59
03/17/2017, $176.62, 2011443, $176.89, $178.86, $176.18
03/16/2017, $176.57, 4040285, $173.54, $177.55, $173.4
03/15/2017, $172.04, 2651189, $173.01, $173.31, $170.42
03/14/2017, $172.84, 1012929, $173, $173.4999, $172.01
03/13/2017, $173.25, 1549338, $172.89, $174.11, $172.5
03/10/2017, $172.74, 1799299, $173.55, $173.91, $171.93
03/09/2017, $173.32, 1938051, $174.03, $175.2, $172.94
03/08/2017, $173.87, 1228498, $173.81, $175.3, $173.3
03/07/2017, $173.74, 1366521, $172.77, $174, $171.24
03/06/2017, $173.3, 1223353, $174.15, $174.15, $172.38
03/03/2017, $173.79, 1115986, $174.53, $175.705, $173.28
03/02/2017, $174.48, 2108319, $175.33, $176.49, $172.97
03/01/2017, $175.33, 1798484, $176.44, $176.79, $175.13
02/28/2017, $174.13, 2391775, $172.8, $175.9199, $172.8
02/27/2017, $172.97, 3520916, $175.17, $176.28, $171.73
02/24/2017, $175.17, 7532900, $181, $181.75, $173.91
02/23/2017, $184.64, 3738667, $187.89, $188.54, $183.9101
02/22/2017, $186.01, 2697346, $185, $187.98, $184.97
02/21/2017, $185.62, 3465196, $185.23, $185.93, $183.3122
02/17/2017, $185.17, 1623001, $183.92, $185.21, $183.33
02/16/2017, $184.94, 2301492, $183.62, $186.75, $182.77
02/15/2017, $183.58, 1203060, $183.65, $185.14, $182.81
02/14/2017, $182.77, 1931951, $184.01, $185.66, $182.28
02/13/2017, $184.31, 2428375, $184.5, $185.44, $183.33
02/10/2017, $183.99, 2147633, $182.58, $184.16, $181.21
02/09/2017, $181.5, 1743374, $181.23, $183.46, $181.06
02/08/2017, $181.5, 2111431, $179.16, $182.41, $177.53
02/07/2017, $178.17, 1532783, $179.58, $179.6, $176.75
02/06/2017, $177.81, 2303594, $175.79, $179.0795, $175.15
02/03/2017, $175.17, 1575247, $174.96, $176.59, $173.56
02/02/2017, $173.4, 958656, $173.51, $175.18, $172.46
02/01/2017, $173.82, 1212820, $176.73, $176.73, $172.55
01/31/2017, $175.07, 1323830, $173.68, $176.18, $173.01
01/30/2017, $174.72, 1358858, $173.16, $174.97, $171.72
01/27/2017, $174.1, 1572617, $175, $175, $173.22
01/26/2017, $174.95, 2193381, $177.65, $177.67, $174.65
01/25/2017, $176.61, 2122523, $177.4, $179, $176.25
01/24/2017, $176.05, 1597209, $177.7, $179, $175.5
01/23/2017, $175.97, 2096976, $173.94, $176.18, $173.28
01/20/2017, $173.44, 2049131, $175.3, $176.455, $173.13
01/19/2017, $176.09, 1429660, $176.84, $176.84, $174.43
01/18/2017, $176.54, 2001947, $178.59, $180.78, $174.73
01/17/2017, $176.96, 2070492, $175.58, $178.28, $174.49
01/13/2017, $176.48, 1411987, $178, $178.71, $176.36
01/12/2017, $177.57, 2680102, $178.8, $179.47, $175.66
01/11/2017, $179.32, 1923217, $179.57, $180.18, $176.8
01/10/2017, $180.31, 2919452, $179.83, $183, $178.3
01/09/2017, $177.16, 1759403, $178, $179.72, $176.82
01/06/2017, $176.38, 2251881, $176.28, $177.28, $173.25
01/05/2017, $177.47, 2726991, $172.65, $177.84, $172.5
01/04/2017, $171.96, 2030792, $169.74, $173.26, $168.3
01/03/2017, $168.3, 2315161, $166.3, $169.66, $165.82
12/30/2016, $164.41, 1502536, $166.76, $167.234, $163.56
12/29/2016, $166.5, 1586952, $165.61, $167.59, $165.46
12/28/2016, $165.54, 1669984, $165.12, $167.01, $164.76
12/27/2016, $164.77, 940805, $163.63, $166.47, $163.07
12/23/2016, $163.62, 1049305, $163.28, $164.62, $162.53
12/22/2016, $162.89, 1495243, $163.29, $165.265, $162.0201
12/21/2016, $163.92, 1339953, $165, $165.99, $163.8
12/20/2016, $165.28, 1506341, $164.26, $167.01, $164.0001
12/19/2016, $163.69, 1910395, $164.44, $164.93, $162.34
12/16/2016, $164.93, 2368435, $166.42, $167.92, $164.65
12/15/2016, $165.78, 2030276, $169.21, $169.625, $165.62
12/14/2016, $169.83, 1494121, $170.9, $172.54, $169.63
12/13/2016, $171.46, 3171079, $169.33, $173, $169
12/12/2016, $168.48, 2931888, $168.63, $169.28, $167.01
12/09/2016, $170.82, 2375619, $168.49, $171.1, $168.34
12/08/2016, $167.75, 1903087, $168.92, $169.74, $166.3323
12/07/2016, $169.33, 1856878, $165.54, $169.56, $164.37
12/06/2016, $165.17, 1280540, $165.01, $165.74, $163.55
12/05/2016, $164.32, 1411901, $161.72, $165.39, $161.5592
12/02/2016, $161.67, 1946226, $162.95, $163.88, $160.79
12/01/2016, $163.08, 2272448, $167.52, $167.82, $161.8
11/30/2016, $166.95, 2579732, $169.99, $171.545, $166.491
11/29/2016, $169.18, 2547658, $166.01, $171.24, $166
11/28/2016, $167, 2215385, $165.13, $168, $164.06
11/25/2016, $164.44, 924899, $165, $165.6, $163.62
11/23/2016, $163.63, 1421279, $163.36, $164.64, $161.69
11/22/2016, $164.47, 1594627, $167.5, $167.5, $163.56
11/21/2016, $165.69, 1291001, $165, $167.25, $164.5
11/18/2016, $164.38, 1503592, $165.93, $167, $163.925
11/17/2016, $166.21, 1471882, $167.51, $168.35, $165.52
11/16/2016, $166.74, 2009554, $164.21, $168.4087, $163.14
11/15/2016, $164.44, 1782202, $163.99, $167.98, $163.8
11/14/2016, $161.73, 1866425, $160.61, $164.73, $160.61
11/11/2016, $162.95, 2999055, $162.39, $164.43, $159.54
11/10/2016, $163.47, 3955769, $168.91, $169.12, $162
11/09/2016, $168.66, 3059466, $166.5, $168.84, $165.4
11/08/2016, $170.92, 1296571, $171.6, $172, $169.42
11/07/2016, $171.56, 2302147, $171.4, $172.78, $170.18
11/04/2016, $167.7, 2030352, $166.44, $169.42, $166
11/03/2016, $168.57, 2256949, $168, $172, $168
11/02/2016, $168.78, 3562472, $173.55, $173.55, $167.51
11/01/2016, $173.49, 2873032, $176.75, $177.35, $172.29
10/31/2016, $176.86, 3268613, $178.17, $182.64, $176.077
10/28/2016, $179.59, 6648485, $180.74, $185.2, $179.27
10/27/2016, $175.1, 3583220, $173.47, $176.54, $172.61
10/26/2016, $172.82, 2425548, $175, $175.2, $172.33
10/25/2016, $176.68, 1891850, $181.99, $181.99, $176.07
10/24/2016, $180.86, 2071929, $178.77, $181.2, $177.78
10/21/2016, $176.76, 2064459, $174.8, $177.5, $173.845
10/20/2016, $175.17, 1542828, $175.75, $176.25, $174.01
10/19/2016, $176.2, 915061, $177.5, $177.5, $174.7
10/18/2016, $175.65, 1625991, $177.92, $178.76, $175.64
10/17/2016, $175.15, 1333111, $175.18, $177.03, $173.8
10/14/2016, $175.51, 1799931, $176.48, $178.1799, $174.61
10/13/2016, $174.61, 1698979, $173.3, $175.19, $171.89
10/12/2016, $175.41, 2165655, $177, $178.01, $174.71
10/11/2016, $177.04, 2917785, $181.2, $182.75, $175.55
10/10/2016, $181.49, 1308503, $181.17, $182.32, $180.88
10/07/2016, $179.8, 2386200, $182.23, $182.73, $178.87
10/06/2016, $181.52, 1756451, $183.75, $184.13, $181.09
10/05/2016, $184.11, 1480785, $185.89, $185.89, $183.28
10/04/2016, $184.08, 2131571, $184, $187.24, $183.52
10/03/2016, $183.54, 1742856, $182.84, $184.5, $181.62
09/30/2016, $182.07, 2183224, $183.95, $184.63, $180.63
09/29/2016, $182.23, 3621884, $186.6, $186.96, $181.5
09/28/2016, $187.74, 2484090, $186.71, $188.31, $185.211
09/27/2016, $190.83, 1599709, $189, $192.42, $188.85
09/26/2016, $188.86, 1860849, $189.53, $189.66, $187.14
09/23/2016, $191.72, 3252432, $193.24, $197, $190.3
09/22/2016, $195.45, 3619664, $197, $197.8, $193.68
09/21/2016, $196.03, 5741074, $187.85, $196.313, $187.3
09/20/2016, $186.37, 2413579, $186.63, $189, $185.88
09/19/2016, $184.74, 1910771, $186, $187, $184.03
09/16/2016, $185.01, 1919222, $186.27, $186.27, $183.53
09/15/2016, $186.5, 2109990, $182.89, $187.4, $182.735
09/14/2016, $182.18, 1977848, $182, $184.75, $181.28
09/13/2016, $181.9, 2412474, $182.79, $183.78, $180.64
09/12/2016, $184.13, 2779138, $178.08, $184.92, $177.33
09/09/2016, $182.1, 3593329, $186.48, $186.84, $181.67
09/08/2016, $187.5, 2383666, $189.09, $190.87, $187.09
09/07/2016, $189.15, 4265035, $189.33, $192.88, $188.61
09/06/2016, $189.06, 8174939, $181.7, $189.34, $181.23
09/02/2016, $177.78, 2139143, $178, $179.68, $177.19
09/01/2016, $176.55, 3606789, $171.85, $176.8346, $171.77
08/31/2016, $171.07, 3049034, $172.24, $172.98, $169.85
08/30/2016, $175.45, 1943323, $174.225, $177.74, $173.88
08/29/2016, $173.65, 1655239, $173.89, $173.9, $171.48
08/26/2016, $173.47, 1431371, $172.85, $175.6, $172.07
08/25/2016, $172.85, 1340695, $171.6, $174.1, $171.47
08/24/2016, $171.49, 1673109, $174.04, $175, $170.9
08/23/2016, $173.49, 1803766, $174.26, $175.41, $173.16
08/22/2016, $173.85, 2765471, $177.88, $178, $173.18
08/19/2016, $177.53, 2902006, $175.26, $178.88, $174.86
08/18/2016, $175.4, 2529713, $173.03, $175.8, $172.68
08/17/2016, $172.73, 2425551, $173.98, $174, $172.01
08/16/2016, $173.3, 2641981, $173, $174.42, $170.9
08/15/2016, $172.95, 3447910, $169.22, $174.96, $169
08/12/2016, $167.98, 1840959, $167.57, $168.545, $166.32
08/11/2016, $167.72, 1551020, $168.13, $168.75, $166.51
08/10/2016, $165.63, 1448731, $166.46, $167.45, $165
08/09/2016, $165.54, 1298007, $165.9, $166.5558, $164.68
08/08/2016, $166.45, 1768909, $167.15, $169.49, $165.73
08/05/2016, $167.38, 2988851, $163.5, $168.24, $163.205
08/04/2016, $162.56, 1748292, $162.72, $164.155, $161.339
08/03/2016, $162.24, 1740297, $161.12, $163.2, $160.13
08/02/2016, $160.75, 1850394, $162.16, $164.5, $160.33
08/01/2016, $163.23, 4263839, $159.8, $164.11, $158.62
07/29/2016, $159.6, 7855791, $161.01, $161.55, $156.23
07/28/2016, $165.63, 3575568, $166.9, $167.86, $165.15
07/27/2016, $165.5, 2033524, $164, $165.67, $162.82
07/26/2016, $164.03, 2695764, $159.89, $164.79, $159.46
07/25/2016, $160.25, 2920958, $159.3, $160.37, $157.54
07/22/2016, $160.88, 1586158, $162.06, $162.64, $160.45
07/21/2016, $161.4, 2355973, $161.47, $162.87, $160.6
07/20/2016, $160.65, 3322207, $161.21, $161.79, $159.5
07/19/2016, $161.19, 4349972, $162.9, $165.28, $159.11
07/18/2016, $164.79, 2323816, $162.74, $165.01, $160.75
07/15/2016, $162.74, 2374233, $164.86, $165.26, $161.85
07/14/2016, $164.85, 2074852, $166.65, $166.8, $163.61
07/13/2016, $164.16, 2320492, $165.38, $166, $162.568
07/12/2016, $164.98, 3556179, $169.89, $172.76, $163.91
07/11/2016, $167.03, 4070585, $160.7, $167.9, $160.7
07/08/2016, $159.8, 6898849, $159.21, $161.05, $155.28
07/07/2016, $163.42, 2013625, $162.5, $165.86, $161.56
07/06/2016, $161.56, 2157209, $160.98, $161.87, $157.88
07/05/2016, $161.87, 2365437, $164.42, $165.5, $161
07/01/2016, $165.19, 1774724, $165.24, $166.6232, $162.9
06/30/2016, $165.15, 1808793, $165.07, $165.26, $162.1
06/29/2016, $164.41, 2467934, $163.1, $166.5, $162.14
06/28/2016, $160.41, 2164735, $160.1, $162.98, $159.56
06/27/2016, $156.92, 3210372, $158.24, $158.55, $155.28
06/24/2016, $159.12, 3181470, $158.87, $163.627, $158.01
06/23/2016, $163.92, 2021247, $163.51, $164.96, $162.55
06/22/2016, $162.22, 2776539, $162.49, $165.515, $161
06/21/2016, $162.8, 3035687, $167.44, $168.39, $162.72
06/20/2016, $166.53, 3463541, $165.57, $172.29, $165.57
06/17/2016, $162.68, 3216379, $165.42, $165.84, $161.85
06/16/2016, $165.52, 4448207, $160.58, $166.17, $159.5
06/15/2016, $161.03, 3766326, $161.61, $162.18, $160.0601
06/14/2016, $160.84, 10147290, $159.26, $170.19, $159.1313
06/13/2016, $163.55, 3670516, $161.01, $164.8599, $160
06/10/2016, $164.28, 2446353, $166.58, $167.45, $164
06/09/2016, $168.99, 2262186, $168, $169.3, $166.15
06/08/2016, $168.71, 2483954, $172.04, $172.2, $168.46
06/07/2016, $170.86, 2399706, $175.87, $175.87, $170.81
06/06/2016, $174.62, 1873102, $174.73, $176.06, $173.8001
06/03/2016, $173.74, 2961673, $176.64, $177.5, $172.33
06/02/2016, $175.64, 3207920, $177.2, $179, $174.75
06/01/2016, $176.53, 4779468, $176.53, $177.77, $174.26
05/31/2016, $178.54, 24057380, $185.15, $185.51, $176.61
05/27/2016, $185.01, 5598916, $178.29, $185.28, $178.28
05/26/2016, $177.67, 3540025, $176.19, $177.78, $175
05/25/2016, $176.71, 3572660, $176.99, $178.81, $175.21
05/24/2016, $175.91, 4628397, $171.55, $178.11, $169.92
05/23/2016, $169.77, 1627176, $170.69, $171.5, $169.43
05/20/2016, $170.05, 2249265, $169.41, $171.1, $168.33
05/19/2016, $168.51, 2415250, $168.75, $169.83, $164.93
05/18/2016, $169.45, 3222628, $169.75, $171.53, $167.67
05/17/2016, $171.04, 5061549, $168.59, $172.95, $167.65
05/16/2016, $167.96, 5489336, $161.92, $168.95, $161.3101
05/13/2016, $159.75, 3129647, $160.655, $162.71, $159.12
05/12/2016, $161.28, 4101717, $164.04, $164.5, $158.38
05/11/2016, $163.05, 6151616, $165.88, $166.27, $161.12
05/10/2016, $166.21, 5451582, $170.75, $171, $165.42
05/09/2016, $169.49, 6545717, $165.84, $172.36, $165.1
05/06/2016, $173.94, 3103496, $173.91, $176.8, $172.11
05/05/2016, $175.22, 3558495, $177.64, $179.7, $174.1301
05/04/2016, $177.28, 4008009, $172.04, $178.15, $171.5
05/03/2016, $174.36, 5477405, $175.8, $176.38, $172
05/02/2016, $178.91, 10164460, $185.33, $185.33, $176.5
04/29/2016, $194.3, 6950750, $189.5, $201, $189
04/28/2016, $186.02, 3586775, $187.35, $190.33, $185.54
04/27/2016, $187.95, 2252177, $187.52, $189.07, $184.44
04/26/2016, $188.25, 1862278, $188.68, $190.88, $186.37
04/25/2016, $188.04, 1755306, $190.91, $192.41, $186.54
04/22/2016, $190.76, 2015608, $190.03, $192.7, $188.03
04/21/2016, $192.74, 1723938, $194.06, $195.96, $191.75
04/20/2016, $193.67, 1495938, $193.5, $194.76, $192.6
04/19/2016, $194.52, 2120734, $193.44, $195.25, $190.67
04/18/2016, $192.94, 1499124, $191.92, $193.99, $191.26
04/15/2016, $193.22, 1641117, $195.32, $195.41, $191.76
04/14/2016, $195.72, 2032002, $194.98, $197.5, $192.8105
04/13/2016, $193.98, 3261974, $191, $195.6, $190.42
04/12/2016, $187.4, 1714037, $186.03, $188.7, $185.58
04/11/2016, $185.07, 1893624, $185.76, $187.15, $184.76
04/08/2016, $183.98, 1712934, $184.6, $186.3, $182.7
04/07/2016, $182.53, 1834221, $185.74, $187.6, $181.44
04/06/2016, $186.82, 1926260, $183.57, $187.2689, $183.02
04/05/2016, $183.8, 2976652, $187.63, $187.89, $182.15
04/04/2016, $188.97, 1741364, $190.39, $192.35, $187.51
04/01/2016, $190.33, 2441333, $188.79, $190.5625, $185.89
03/31/2016, $190.88, 2379595, $189.48, $193.73, $189.38
03/30/2016, $189.89, 2733597, $191.05, $193, $188.3
03/29/2016, $189.84, 2517520, $185.47, $191.48, $185.06
03/28/2016, $185.17, 1150377, $185.33, $186, $182.27
03/24/2016, $184.86, 1649608, $181.46, $184.99, $181.03
03/23/2016, $183.84, 2228588, $187.6, $188.4344, $181.82
03/22/2016, $188.4, 1570921, $185.27, $188.74, $185
03/21/2016, $187.12, 1598381, $187.8, $189.8, $185.56
03/18/2016, $187.92, 3245097, $184.82, $189.7, $184.77
03/17/2016, $183.44, 1781829, $183.74, $184.9799, $182.09
03/16/2016, $183.05, 1911922, $179.08, $183.05, $178.26
03/15/2016, $180.22, 1623019, $180.72, $182.57, $179.51
03/14/2016, $182.02, 2734952, $182.5, $187.55, $181.75
03/11/2016, $182.98, 2844647, $176.43, $183.8585, $176.43
03/10/2016, $176.08, 2315338, $177, $179.64, $173.755
03/09/2016, $176.5, 2808866, $173.56, $176.53, $169.28
03/08/2016, $172.81, 2377857, $175.05, $176.24, $172.64
03/07/2016, $177.2, 1929719, $178, $180, $175.89
03/04/2016, $178.55, 2938717, $178.97, $180.59, $175.25
03/03/2016, $177.3, 2500081, $177.05, $178.94, $175.34
03/02/2016, $176.94, 3075529, $181.84, $182, $175.26
03/01/2016, $180.2, 4183716, $175.69, $180.73, $175.3796
02/29/2016, $173.42, 3950823, $172.2, $175.4641, $171.36
02/26/2016, $173.8, 8873403, $175.24, $176.81, $172.2
02/25/2016, $158.22, 6096797, $160.05, $161.58, $156
02/24/2016, $162.75, 4532407, $159, $164.11, $154.79
02/23/2016, $161.02, 4025227, $167.2, $167.42, $159.64
02/22/2016, $168.67, 3081961, $166.54, $169.4489, $164.3
02/19/2016, $164.47, 3054876, $160, $166, $159.15
02/18/2016, $160.7, 3325885, $165.24, $166, $160.27
02/17/2016, $163.53, 3847339, $159.96, $164.7, $156.43
02/16/2016, $157.52, 5282783, $158.5, $163.84, $155.42
02/12/2016, $152.73, 5583994, $148, $154.15, $147.49
02/11/2016, $141.21, 3095103, $140.61, $143.415, $139.94
02/10/2016, $143.78, 4124957, $142.78, $149.81, $142.38
02/09/2016, $140.68, 5246519, $142.54, $145.31, $139.61
02/08/2016, $145.05, 4149816, $142.49, $147.2, $142.25
02/05/2016, $145.34, 4125341, $151.85, $152.03, $144.48
02/04/2016, $152.59, 3102367, $154.12, $155.17, $150.626
02/03/2016, $153.08, 3433032, $155.84, $157.55, $150.84
02/02/2016, $154.82, 2749750, $162.1, $163, $154.14
02/01/2016, $161.1, 3630159, $160.27, $161.8975, $156.13
01/29/2016, $163.27, 4528551, $159.24, $163.64, $158.5
01/28/2016, $156.94, 4583424, $161.87, $162.78, $154.53
01/27/2016, $158.27, 4059604, $167.09, $167.91, $157.42
01/26/2016, $167.08, 2397577, $166.67, $168.36, $162.89
01/25/2016, $167.54, 2496068, $171.12, $173.74, $167.31
01/22/2016, $171.17, 2616490, $173.55, $174.77, $168.77
01/21/2016, $169.56, 3480466, $165.99, $172.5, $163.13
01/20/2016, $164.99, 4984890, $161.04, $169.33, $159.78
01/19/2016, $166.03, 3415227, $167.52, $171.84, $163.98
01/15/2016, $163.92, 6348751, $163.76, $165.3099, $158.12
01/14/2016, $172.23, 4074916, $166.3, $174.88, $163.01
01/13/2016, $166.04, 3948548, $174.25, $175.36, $164
01/12/2016, $172.91, 3032298, $172.4, $173.49, $169.82
01/11/2016, $170.37, 3195921, $172, $172.84, $167.71
01/08/2016, $171.34, 4681827, $177.59, $178.95, $170.72
01/07/2016, $174.37, 6999132, $176.3, $180.98, $171.46
01/06/2016, $185.61, 2277652, $185.03, $187.29, $183.56
01/05/2016, $187.37, 3350954, $186.71, $189.84, $185.34
01/04/2016, $184.03, 4320145, $181.29, $185.54, $180.6
12/31/2015, $189.04, 1878592, $190.58, $191.581, $188.33
12/30/2015, $192.13, 1316790, $195.18, $195.58, $192
12/29/2015, $194.68, 2037849, $193.32, $195.56, $193.29
12/28/2015, $192.8, 2202511, $191.23, $193.63, $188.45
12/24/2015, $193.93, 1073591, $197.6, $197.6, $193.75
12/23/2015, $196.53, 1422323, $197.31, $198.422, $196.29
12/22/2015, $197.03, 2024768, $198.09, $198.5, $195.17
12/21/2015, $197.44, 2703812, $193.8, $198.69, $193.64
12/18/2015, $191.92, 3482011, $195.54, $196.3753, $190.88
12/17/2015, $196.94, 2744170, $200.72, $201.261, $196.82
12/16/2015, $199.34, 3274416, $201.07, $201.3, $197.1111
12/15/2015, $199.13, 3640095, $196, $200.89, $195.24
12/14/2015, $193.89, 3226387, $193.89, $196.09, $193.32
